{
  "config": {
    "steps": 12,
    "seed": 2,
    "n_species": 4,
    "n_resources": 3,
    "height": 12,
    "width_grid": 12,
    "x0_mode": "random",
    "randomize_config": true,
    "crm_config": {
      "height": 12,
      "width_grid": 12,
      "n_species": 4,
      "n_resources": 3,
      "reaction_matrix": [
        [
          0.1415642499923706,
          0.15447190403938293,
          0.33497899770736694
        ],
        [
          0.08217058330774307,
          0.2600351870059967,
          0.30499619245529175
        ],
        [
          0.11576537787914276,
          0.06930132210254669,
          0.1462392807006836
        ],
        [
          0.28010156750679016,
          0.2467929869890213,
          0.10252179205417633
        ]
      ],
      "consumption_matrix": [
        [
          0.15815769135951996,
          0.21732433140277863,
          0.15569616854190826
        ],
        [
          0.20829610526561737,
          0.2918590009212494,
          0.22076620161533356
        ],
        [
          0.14790621399879456,
          0.0968131422996521,
          0.13649016618728638
        ],
        [
          0.17776648700237274,
          0.27280235290527344,
          0.24389098584651947
        ]
      ],
      "resource_inflow": [
        0.14544397592544556,
        0.32726508378982544,
        0.19127295911312103
      ],
      "diffusion_species": [
        0.036219146102666855,
        0.009824329055845737,
        0.009704460389912128,
        0.014085834845900536
      ],
      "diffusion_resources": [
        0.07191147655248642,
        0.057586804032325745,
        0.06944654136896133
      ],
      "dt": 0.05866617615233105,
      "dilution": 0.01338318713491502,
      "noise_std": 0.005165781941249967,
      "projection": {
        "kind": "identity"
      }
    }
  },
  "timeseries": {
    "species_totals": [
      [
        6.978004455566406,
        7.453376293182373,
        7.240521430969238,
        6.678775787353516
      ],
      [
        6.991978645324707,
        7.456171035766602,
        7.306837558746338,
        6.639505386352539
      ],
      [
        6.99440860748291,
        7.454904079437256,
        7.221336364746094,
        6.764075756072998
      ],
      [
        7.006191253662109,
        7.57236909866333,
        7.200235843658447,
        6.756258964538574
      ],
      [
        7.084185600280762,
        7.627589225769043,
        7.106810092926025,
        6.886153221130371
      ],
      [
        7.14744234085083,
        7.773177146911621,
        7.2043609619140625,
        6.971179008483887
      ],
      [
        7.221304893493652,
        7.8842034339904785,
        7.314975738525391,
        6.997008800506592
      ],
      [
        7.379586219787598,
        8.032083511352539,
        7.2910966873168945,
        7.1041154861450195
      ],
      [
        7.512033939361572,
        8.119967460632324,
        7.362147808074951,
        7.163189888000488
      ],
      [
        7.56911039352417,
        8.302963256835938,
        7.344612121582031,
        7.191902160644531
      ],
      [
        7.615891933441162,
        8.368728637695312,
        7.256373405456543,
        7.227821350097656
      ],
      [
        7.650904178619385,
        8.558937072753906,
        7.37239933013916,
        7.2382917404174805
      ]
    ],
    "resource_totals": [
      [
        7.720227241516113,
        7.002392292022705,
        7.280472755432129
      ],
      [
        8.774121284484863,
        9.700410842895508,
        8.818325996398926
      ],
      [
        9.907041549682617,
        12.428594589233398,
        10.46005630493164
      ],
      [
        11.19621753692627,
        15.2261323928833,
        12.114455223083496
      ],
      [
        12.461613655090332,
        17.893939971923828,
        13.626405715942383
      ],
      [
        13.677727699279785,
        20.594898223876953,
        15.25471019744873
      ],
      [
        14.812569618225098,
        23.301597595214844,
        16.805038452148438
      ],
      [
        16.043163299560547,
        25.975784301757812,
        18.42587661743164
      ],
      [
        17.15673065185547,
        28.691383361816406,
        20.006303787231445
      ],
      [
        18.32670021057129,
        31.32339859008789,
        21.545825958251953
      ],
      [
        19.51341438293457,
        33.911231994628906,
        23.061370849609375
      ],
      [
        20.713050842285156,
        36.49059295654297,
        24.54343032836914
      ]
    ],
    "species_diversity_bits": [
      1.9987891736174803,
      1.9985842341724334,
      1.9990562884384624,
      1.9987440744889993,
      1.9989556553975905,
      1.9987810560827617,
      1.9985882575123588,
      1.998433445309276,
      1.9983975491570256,
      1.9977648411967168,
      1.9974089193630618,
      1.9968372245621016
    ]
  },
  "final": {
    "species_totals": [
      7.650904178619385,
      8.558937072753906,
      7.37239933013916,
      7.2382917404174805
    ],
    "resource_totals": [
      20.713050842285156,
      36.49059295654297,
      24.54343032836914
    ],
    "total_species_biomass": 30.82053232192993,
    "total_resource_mass": 81.74707412719727,
    "final_diversity_bits": 1.9968372245621016
  }
}