{
  "config": {
    "n_runs": 5,
    "bits": 5,
    "generations": 20,
    "population_size": 16,
    "support_size": 64,
    "challenge_size": 64,
    "seed": 0
  },
  "summaries": [
    {
      "run_id": 0,
      "seed": 1826701614,
      "n_species": 3,
      "n_resources": 4,
      "height": 10,
      "width_grid": 6,
      "proj_width": 103,
      "mean_fitness_curve": [
        0.5478515625,
        0.4990234375,
        0.53515625,
        0.5166015625,
        0.5107421875,
        0.5234375,
        0.525390625,
        0.5263671875,
        0.537109375,
        0.546875,
        0.5576171875,
        0.5263671875,
        0.5439453125,
        0.52734375,
        0.5234375,
        0.53125,
        0.5283203125,
        0.5146484375,
        0.537109375,
        0.5224609375
      ],
      "best_fitness_curve": [
        0.65625,
        0.71875,
        0.671875,
        0.609375,
        0.578125,
        0.609375,
        0.65625,
        0.625,
        0.671875,
        0.625,
        0.71875,
        0.65625,
        0.78125,
        0.625,
        0.59375,
        0.65625,
        0.671875,
        0.625,
        0.609375,
        0.65625
      ],
      "final_mean_fitness": 0.5224609375,
      "final_best_fitness": 0.65625
    },
    {
      "run_id": 1,
      "seed": 1367864806,
      "n_species": 3,
      "n_resources": 4,
      "height": 10,
      "width_grid": 7,
      "proj_width": 111,
      "mean_fitness_curve": [
        0.5888671875,
        0.6201171875,
        0.609375,
        0.576171875,
        0.6416015625,
        0.634765625,
        0.626953125,
        0.634765625,
        0.615234375,
        0.6220703125,
        0.5830078125,
        0.5791015625,
        0.6259765625,
        0.6748046875,
        0.6123046875,
        0.5634765625,
        0.578125,
        0.6123046875,
        0.5869140625,
        0.6162109375
      ],
      "best_fitness_curve": [
        0.671875,
        0.671875,
        0.6875,
        0.65625,
        0.703125,
        0.703125,
        0.6875,
        0.734375,
        0.671875,
        0.671875,
        0.703125,
        0.65625,
        0.71875,
        0.75,
        0.71875,
        0.640625,
        0.65625,
        0.6875,
        0.671875,
        0.6875
      ],
      "final_mean_fitness": 0.6162109375,
      "final_best_fitness": 0.6875
    },
    {
      "run_id": 2,
      "seed": 1097657231,
      "n_species": 3,
      "n_resources": 3,
      "height": 7,
      "width_grid": 9,
      "proj_width": 98,
      "mean_fitness_curve": [
        0.6201171875,
        0.5830078125,
        0.6025390625,
        0.6572265625,
        0.6376953125,
        0.59375,
        0.578125,
        0.603515625,
        0.5654296875,
        0.6689453125,
        0.6171875,
        0.603515625,
        0.611328125,
        0.5859375,
        0.5634765625,
        0.59375,
        0.640625,
        0.63671875,
        0.59765625,
        0.630859375
      ],
      "best_fitness_curve": [
        0.703125,
        0.640625,
        0.6875,
        0.734375,
        0.703125,
        0.671875,
        0.671875,
        0.640625,
        0.609375,
        0.75,
        0.703125,
        0.6875,
        0.6875,
        0.625,
        0.671875,
        0.6875,
        0.71875,
        0.6875,
        0.6875,
        0.75
      ],
      "final_mean_fitness": 0.630859375,
      "final_best_fitness": 0.75
    },
    {
      "run_id": 3,
      "seed": 579362555,
      "n_species": 2,
      "n_resources": 4,
      "height": 6,
      "width_grid": 7,
      "proj_width": 122,
      "mean_fitness_curve": [
        0.7255859375,
        0.6533203125,
        0.6328125,
        0.66796875,
        0.708984375,
        0.5849609375,
        0.587890625,
        0.60546875,
        0.6513671875,
        0.6171875,
        0.6220703125,
        0.6201171875,
        0.6474609375,
        0.625,
        0.6328125,
        0.658203125,
        0.6455078125,
        0.654296875,
        0.65234375,
        0.6455078125
      ],
      "best_fitness_curve": [
        0.8125,
        0.765625,
        0.703125,
        0.75,
        0.828125,
        0.734375,
        0.65625,
        0.703125,
        0.75,
        0.6875,
        0.71875,
        0.6875,
        0.75,
        0.703125,
        0.703125,
        0.828125,
        0.6875,
        0.734375,
        0.78125,
        0.765625
      ],
      "final_mean_fitness": 0.6455078125,
      "final_best_fitness": 0.765625
    },
    {
      "run_id": 4,
      "seed": 661058651,
      "n_species": 2,
      "n_resources": 3,
      "height": 10,
      "width_grid": 10,
      "proj_width": 96,
      "mean_fitness_curve": [
        0.611328125,
        0.6142578125,
        0.62109375,
        0.58203125,
        0.5712890625,
        0.580078125,
        0.578125,
        0.5986328125,
        0.5615234375,
        0.607421875,
        0.5986328125,
        0.6123046875,
        0.6044921875,
        0.5966796875,
        0.5634765625,
        0.6083984375,
        0.5888671875,
        0.638671875,
        0.623046875,
        0.548828125
      ],
      "best_fitness_curve": [
        0.65625,
        0.703125,
        0.71875,
        0.6875,
        0.640625,
        0.65625,
        0.671875,
        0.671875,
        0.703125,
        0.6875,
        0.671875,
        0.703125,
        0.65625,
        0.671875,
        0.625,
        0.71875,
        0.65625,
        0.71875,
        0.78125,
        0.65625
      ],
      "final_mean_fitness": 0.548828125,
      "final_best_fitness": 0.65625
    }
  ],
  "crm_configs": [
    {
      "height": 10,
      "width_grid": 6,
      "n_species": 3,
      "n_resources": 4,
      "reaction_matrix": [
        [
          0.3840239942073822,
          0.41215354204177856,
          0.2834496796131134,
          0.3028562664985657
        ],
        [
          0.13844957947731018,
          0.4224969148635864,
          0.09212852269411087,
          0.2648700773715973
        ],
        [
          0.3594051003456116,
          0.3859451711177826,
          0.06791511178016663,
          0.11227291077375412
        ]
      ],
      "consumption_matrix": [
        [
          0.15784761309623718,
          0.22425729036331177,
          0.16118015348911285,
          0.10634354501962662
        ],
        [
          0.06380730122327805,
          0.2332594096660614,
          0.28709328174591064,
          0.1782912164926529
        ],
        [
          0.1316448301076889,
          0.14470058679580688,
          0.09487200528383255,
          0.18828536570072174
        ]
      ],
      "resource_inflow": [
        0.20774812996387482,
        0.1349402219057083,
        0.05621813237667084,
        0.3409879803657532
      ],
      "diffusion_species": [
        0.039788972586393356,
        0.025470152497291565,
        0.019827285781502724
      ],
      "diffusion_resources": [
        0.041843898594379425,
        0.06999862194061279,
        0.010534473694860935,
        0.016765210777521133
      ],
      "dt": 0.035697976081807734,
      "dilution": 0.004560623727150177,
      "noise_std": 0.0025718693807397796,
      "inject_scale": 0.057469617744590404,
      "projection": {
        "kind": "random",
        "output_width": 103,
        "seed": 409087463,
        "scale": 1.0
      }
    },
    {
      "height": 10,
      "width_grid": 7,
      "n_species": 3,
      "n_resources": 4,
      "reaction_matrix": [
        [
          0.27752673625946045,
          0.34659630060195923,
          0.07897508889436722,
          0.41098135709762573
        ],
        [
          0.11093074828386307,
          0.2292403280735016,
          0.20630177855491638,
          0.40175390243530273
        ],
        [
          0.07426156848669052,
          0.06542959064245224,
          0.08444537222385406,
          0.15643808245658875
        ]
      ],