trial_id,mean_test_acc,std_test_acc,mean_train_acc,std_train_acc,crm_height,crm_width_grid,crm_n_species,crm_n_resources,crm_proj_width,itr,recurrence,d_period,repeats,readout_C
3,0.6000000000000001,0.04999999999999999,0.9204545454545454,0.011363636363636354,18,14,5,2,320,10,8,8,1,0.05521128404808959
0,0.55,0.04999999999999999,1.0,0.0,12,21,4,3,320,6,10,16,3,0.3388190084464912
1,0.525,0.025000000000000022,0.9772727272727273,0.0,16,16,2,3,128,6,10,16,3,0.07094229006381235
2,0.525,0.07499999999999998,1.0,0.0,17,15,4,2,256,12,8,20,3,26.27005700201499
5,0.525,0.025000000000000022,0.9545454545454546,0.0,17,15,6,2,192,6,4,12,5,0.024908885882962525
4,0.3,0.0,1.0,0.0,18,14,2,2,384,4,10,20,1,43.28836650198953
