{
  "kind": "frozen_linear_readout_v1",
  "coef": [
    3.154934140256085,
    -4.6365945505101624,
    1.4643836927830092,
    -0.01402612296319818,
    1.079997056379603,
    -0.6134066221240153
  ],
  "intercept": -0.6121438456901336,
  "feature_mean": [
    -0.10342986498455037,
    0.181478596469769,
    0.006047969053887325,
    -0.16901786033466284,
    -0.021332265212397516,
    0.03352767236380491
  ],
  "feature_std": [
    0.9639642150496479,
    0.9562048239247306,
    1.0314494785783006,
    0.9965101251522503,
    0.9626590458480102,
    0.994773151412128
  ],
  "genome": {
    "learning_rate": 0.5,
    "l2": 0.005692407761770409,
    "momentum": 0.95,
    "init_scale": 0.06260926268244116,
    "adaptation_steps": 12
  }
}